number;title
1;9 1/2 Weeks (1986)
2;Another 9 1/2 Weeks (aka Love in Paris) (1997)   
3;The First 9 1/2 Weeks (1998)    
1;12 Rounds (2009)
2;12 Rounds 2: Reloaded (2013)  
3;12 Rounds 3: Lockdown (2015)  
1;1920 (2008)
2;1920: Evil Returns (2012)
3;1920 London (2016)
1;2012: Doomsday (2008)  
2;2012: Supernova (2009)  
3;2012: Ice Age (2011)  
1;The ABCs of Death (2013)
2;ABCs of Death 2 (2015)
3;ABCs of Death 2.5(2016)
1;Ace Ventura: Pet Detective (1994)
2;Ace Ventura: When Nature Calls (1995)
3;Ace Ventura Jr: Pet Detective (2009)  
1;Yarınsız Adam (aka Man Without Tomorrow) (1976)
2;Satılmış Adam (aka Sold Man) (1977)
3;Yıkılmayan Adam (aka Indestructible Man) (1978)
1;The Addams Family (1991)
2;Addams Family Values (1993)
3;Addams Family Reunion (1998)  
1;Adventures of a Taxi Driver (1976)
2;Adventures of a Private Eye (1977)
3;Adventures of a Plumber's Mate (1978)
1;Quartet (1948)
2;Trio (1950)
3;Encore (1951)
1;Shadows in Paradise (1986)
2;Ariel (1988)
3;The Match Factory Girl (1990)
1;Selkynchek (1993)
2;Beshkempir (1998)
3;Maimil (2001)
1;Aladdin (1992)
2;The Return of Jafar (1994)  
3;Aladdin and the King of Thieves (1996)  
1;Kiss the Girls (1997)
2;Along Came a Spider (2001)
3;Alex Cross (2012)
1;First Daughter (1999)  
2;First Target (2000)  
3;First Shot (2002)  
1;L'Avventura (1960)
2;La Notte (1961)
3;Eclipse (1962)
1;All Dogs Go to Heaven (1989)
2;All Dogs Go to Heaven 2 (1996)
3;An All Dogs Christmas Carol (1998)  
1;Alvin Purple (1973)
2;Alvin Purple Rides Again (1974)
3;Melvin, Son of Alvin (1984)
1;Anchorman: The Legend of Ron Burgundy (2004)
2;Wake Up, Ron Burgundy: The Lost Movie (2004)  
3;Anchorman 2: The Legend Continues (2013)
1;Animation Show: Volume One (2003)  
2;Animation Show: Volume Two (2005)  
3;Animation Show: Volume Three (2007)  
1;A Thousand & One Nights (1969)
2;Cleopatra (1970)
3;Belladonna (1973)
1;Angels in the Outfield (1994)
2;Angels in the Endzone (1997)  
3;Angels in the Infield (2000)  
1;Spider-Man (1977)  
2;Spider-Man Strikes Back (1978)  
3;Spider-Man: The Dragon's Challenge (1979)  
1;Captive Wild Woman (1943)
2;Jungle Woman (1944)
3;The Jungle Captive (1945)
1;The Thing (1982)
2;Prince of Darkness (1987)
3;In the Mouth of Madness (1994)
1;The Apple Dumpling Gang (1975)
2;The Apple Dumpling Gang Rides Again (1979)
3;Tales of the Apple Dumpling Gang (1982)  
1;Pather Panchali (1955)
2;Aparajito (1957)
3;The World of Apu (1959)
1;Armour of God (1986)
2;Armour of God II: Operation Condor (1991)
3;CZ12 (2012)
1;The Adventures of Arsène Lupin (1957)
2;Signé Arsène Lupin (1959)
3;Arsène Lupin contre Arsène Lupin (fr) (1962)
1;Art of the Devil (2004)
2;Art of the Devil 2 (2005)
3;Art of the Devil 3 (2008)
1;The Art of War (2000)
2;The Art of War II: Betrayal (2008)  
3;The Art of War III: Retribution (2009)  
1;Arthur and the Invisibles (2006)
2;Arthur and the Revenge of Maltazard (2009)
3;Arthur 3: The War of the Two Worlds (2010)
1;Asiong Aksaya (1977)
2;Awat na, Asiong Aksaya! (1979)
3;Eto na naman si Asiong Aksaya! (1980)
1;Atlas Shrugged: Part I (2011)
2;Atlas Shrugged: Part II (2012)
3;Atlas Shrugged: Part III (2014)
1;L'Auberge espagnole (2002)
2;Les Poupées russes (2005)
3;Casse-tête chinois (2013)
1;August Underground (2001)
2;August Underground's Mordum (2003)
3;August Underground's Penance (2007)
1;Au Pair (1999)  
2;Au Pair II (2001)  
3;Au Pair 3: Adventure in Paradise (2009)  
1;Austin Powers: International Man of Mystery (1997)
2;Austin Powers: The Spy Who Shagged Me (1999)
3;Austin Powers in Goldmember (2002)
1;Auton (1997)  
2;Auton 2: Sentinel (1998)  
3;Auton 3 (1999)  
1;Bitayin si... Baby Ama! (1976)
2;Anak ni Baby Ama (1990)
3;Hari ng Selda: Anak ni Baby Ama 2 (2002)
1;Back to the Future (1985)
2;Back to the Future Part II (1989)
3;Back to the Future Part III (1990)
1;The Bad News Bears (1976)
2;The Bad News Bears in Breaking Training (1977)
3;The Bad News Bears Go to Japan (1978)
1;Zuckerbaby (1985)
2;Out of Rosenheim (1987)
3;Rosalie Goes Shopping (1989)
1;Balto (1995)
2;Balto II: Wolf Quest (2002)  
3;Balto III: Wings of Change (2004)  
1;Los bañeros más locos del mundo (1987)
2;Bañeros II, la playa loca (1989)
3;Bañeros III, todopoderosos (2006)
1;Barefoot Gen (1976)
2;Barefoot Gen: Explosion of Tears (1977)
3;Barefoot Gen Part 3: Battle of Hiroshima (1980)
1;The Commitments (1991)
2;The Snapper (1993)  
3;The Van (1996)
1;Basket Case (1982)
2;Basket Case 2 (1990)
3;Basket Case 3: The Progeny (1991)
1;Baywatch the Movie: Forbidden Paradise (1995)  
2;Baywatch: White Thunder at Glacier Bay (1998)  
3;Baywatch: Hawaiian Wedding (2003)  
1;B.D. în alerta (1970)
2;Brigada Diverse intra în actiune (1970)
3;B.D. la munte si la mare (1971)
1;The Beastmaster (1982)
2;Beastmaster 2: Through the Portal of Time (1991)
3;Beastmaster III: The Eye of Braxus (1996)  
1;Beauty and the Beast (1991)
2;Beauty and the Beast: The Enchanted Christmas (1997)  
3;Belle's Magical World (1998)  
1;Before Sunrise (1995)
2;Before Sunset (2004)
3;Before Midnight (2013)
1;Belle and Sebastian (2013)
2;Belle & Sebastian: The Adventure Continues (2015)
3;Belle et Sébastien 3, pour la vie (fr) (2018)
1;Yinghung boon sik (1986)
2;Yinghung boon sik II (1987)
3;Yinghung boon sik III (1989)  
1;Return of the Beverly Hillbillies (1981)  
2;The Legend of the Beverly Hillbillies (1993)  
3;The Beverly Hillbilles (1993)
1;Beverly Hills Chihuahua (2008)
2;Beverly Hills Chihuahua 2 (2011)  
3;Beverly Hills Chihuahua 3: Viva la Fiesta! (2012)  
1;Beverly Hills Cop (1984)
2;Beverly Hills Cop II (1987)
3;Beverly Hills Cop III (1994)
1;Beyond the Door (1974)
2;Beyond the Door II (1977) (unofficial)
3;Beyond the Door III (1989) (unofficial)
1;Big Momma's House (2000)
2;Big Momma's House 2 (2006)
3;Big Mommas: Like Father, Like Son (2011)
1;Bikini Summer (1991)
2;Bikini Summer II (1992)
3;Bikini Summer III: South Beach Heat (1997)
1;Bishojo Senshi Sailor Moon R: The Movie (1993)
2;Bishojo Senshi Sailor Moon S: The Movie (1994)
3;Bishojo Senshi Sailor Moon SuperS: The Movie (The 9 Sailor Soldiers Get Together! Miracle in the Black Dream Hole) (1995)
1;The Black Stallion (1979)
2;The Black Stallion Returns (1983)
3;The Young Black Stallion (2003)  
1;Shinjuku Triad Society (1995)
2;Rainy Dog (1997)
3;Ley Lines (1999)
1;Blade (1998)
2;Blade II (2002)
3;Blade: Trinity (2004)
1;Blade Runner (1982)
2;Soldier (1998) (sidequel)
3;Blade Runner 2049 (2017)
1;The Blair Witch Project (1999)
2;Book of Shadows: Blair Witch 2 (2000)
3;Blair Witch (2016)
1;BloodRayne (2005)
2;BloodRayne 2: Deliverance (2007)  
3;BloodRayne: The Third Reich (2011)  
1;Yûreiyashiki no kyôfu: Chi o suu ningyô (1970)
2;Noroi no yakata: Chi o sû me (1971)
3;Chi o suu bara (1974)
1;The Boogeyman (1980)
2;Boogeyman II (1983)
3;Return of the Boogeyman (1994)  
1;Boogeyman (2005)
2;Boogeyman 2 (2007)
3;Boogeyman 3 (2008)
1;Boonie Bears: To the Rescue (2014)
2;Boonie Bears: Mystical Winter (2015)
3;Boonie Bears III (2016)
1;Bourlivé víno (1976)
2;Zralé víno (1981)
3;Mladé víno (1986)
1;The Brady Bunch Movie (1995)
2;A Very Brady Sequel (1996)
3;The Brady Bunch in the White House (2002)  
1;The Brave Little Toaster (1987)
2;The Brave Little Toaster Goes to Mars (1998)  
3;The Brave Little Toaster to the Rescue (1999)  
1;The Marriage of Maria Braun (1979)
2;Veronika Voss (1982)
3;Lola (1981)
1;Bremenskie muzykanty (1969)
2;Po sledam bremenskikh muzykantov (1971)
3;Novye Bremenskiye (2000)
1;Bridget Jones's Diary (2001)
2;Bridget Jones: The Edge of Reason (2004)
3;Bridget Jones's Baby (2016)
1;Victims of Vice (1978)
2;Brigade mondaine : La secte de Marrakech (1979)
3;Brigade mondaine : Vaudou aux Caraïbes (fr) (1980)
1;Brighton Beach Memoirs (1986)
2;Biloxi Blues (1988)
3;Broadway Bound (1992)  
1;Broken Arrow (1950)
2;The Battle at Apache Pass (1952)
3;Taza, Son of Cochise (1954)
1;Les Bronzés (1978)
2;Les Bronzés Font du Ski (1979)
3;Les Bronzés 3: Amis pour la vie (2006)
1;Brüder (de) (2002)  
2;Brüder II (de) (2003)  
3;Brüder III – Auf dem Jakobsweg (de) (2006)  
1;Butch Cassidy and the Sundance Kid (1969)
2;Wanted: The Sundance Woman (1976)  
3;Butch and Sundance: The Early Days (1979)  
1;The Butterfly Effect (2004)
2;The Butterfly Effect 2 (2006)  
3;The Butterfly Effect 3: Revelations (2009)
1;La Cage aux Folles (1978)
2;La Cage aux Folles II (1980)
3;La Cage aux Folles 3: The Wedding (1985)
1;Caged Heat (1974)
2;Caged Heat II: Stripped of Freedom (1994)
3;Caged Heat 3000 (1995)
1;Interview (1971)
2;Calcutta 71 (1971)
3;Padatik (The Guerilla Fighter) (1973)
1;Pratidwandi (The Adversary) (1971)
2;Seemabaddha (Company Limited) (1971)
3;Jana Aranya (The Middleman) (1976)
1;Camp Blood (1999)  
2;Camp Blood 2 (2000)  
3;Within the Woods (2005)  
1;Camping (2006)
2;Camping 2 (2010)
3;Camping 3 (2016)
1;Candyman (1992)
2;Candyman: Farewell to the Flesh (1995)
3;Candyman: Day of the Dead (1999)  
1;Ultimo mondo cannibale (1977)
2;Cannibal Holocaust (1980)
3;Inferno in diretta (1985)
1;The Cannonball Run (1981)
2;Cannonball Run II (1984)
3;Speed Zone (1989)
1;Cars (2006)
2;Cars 2 (2011)
3;Cars 3 (2017)
1;The Care Bears Movie (1985)
2;Care Bears Movie II: A New Generation (1986)
3;The Care Bears Adventure in Wonderland (1987)
1;Bodas de sangre (1981)
2;Carmen (1983)
3;El amor brujo (1986)
1;Carnosaur (1993)
2;Carnosaur 2 (1995)
3;Carnosaur 3: Primal Species (1996)  
1;La Casa 3 (1988)
2;La Casa 4 (1988)
3;La Casa 5 (1990)
1;Casino Raiders (1989)
2;No Risk, No Gain: Casino Raiders - The Sequel (1990)
3;Casino Raiders II (1993)
1;Cathy (1987)  
2;Cathy's Last Resort (1988)  
3;Cathy's Valentine (1989)  
1;Dio perdona... Io no! (1967)
2;I quattro dell'Ave Maria (1968)
3;La collina degli stivali (1969)
1;Fort Apache (1948)
2;She Wore a Yellow Ribbon (1949)
3;Rio Grande (1950)
1;Chameleon (1998)  
2;Chameleon II: Death Match (1999)  
3;Chameleon 3: Dark Angel (2000)  
1;Nous autres à Champignol (fr) (1957)
2;Le Gendarme de Champignol (fr) (1959)
3;Le Caïd de Champignol (fr) (1966)
1;Number One of the Secret Service (1977)
2;Licensed to Love and Kill (1979)
3;Number One Gun (1980)
1;Licensed to Kill (1965)
2;Where the Bullets Fly (1966)
3;Somebody's Stolen Our Russian Spy (1967)
1;The Cheetah Girls (2003)  
2;The Cheetah Girls 2 (2006)  
3;The Cheetah Girls: One World (2008)  
1;Center Stage (2000)
2;Center Stage: Turn It Up (2008)
3;Center Stage: On Pointe (2016)  
1;A Chinese Ghost Story (1987)
2;A Chinese Ghost Story II (1990)
3;A Chinese Ghost Story III (1991)
1;A Chinese Odyssey Part One: Pandora's Box (1994)
2;A Chinese Odyssey Part Two: Cinderella (1994)
3;A Chinese Odyssey Part Three (2016)
1;The Chronicles of Narnia: The Lion, the Witch and the Wardrobe (2005)
2;The Chronicles of Narnia: Prince Caspian (2008)
3;The Chronicles of Narnia: The Voyage of the Dawn Treader (2010)
1;Pitch Black (2000)
2;The Chronicles of Riddick (2004)
3;Riddick (2013)
1;Cinderella (1950)
2;Cinderella II: Dreams Come True (2002)  
3;Cinderella III: A Twist in Time (2007)  
1;The Circuit (2002)
2;The Circuit 2: The Final Punch (2002)  
3;The Circuit III: Final Flight (2006)  
1;Cirkeline - Storbyens Mus (da) (1998)
2;Cirkeline - Ost og Kærlighed (da) (2000)
3;Cirkeline og Verdens mindste superhelt (da) (2004)
1;Bænken (2000)
2;Arven (2003)
3;Drabet (2005)
1;Class of 1984 (1982)
2;Class of 1999 (1990)
3;Class of 1999 II: The Substitute (1994)
1;They Call Her Cleopatra Wong (1978)
2;Dynamite Johnson (1978)
3;Pay or Die a.k.a. Devil's Three (1979)
1;Codename: Kids Next Door - Operation Z.E.R.O. (2006)  
2;The Grim Adventures of the Kids Next Door (2007)  
3;Codename: Kids Next Door - Operation: I.N.T.E.R.V.I.E.W.S. (2008)
1;Code Name: Wild Geese (1984)
2;Commando Leopard (1985)
3;Il triangolo della paura (it) (1988)
1;Le Cœur Des Hommes (2003)
2;Le Cœur Des Hommes 2 (2007)
3;Le Cœur Des Hommes 3 (2013)
1;At Midnight I'll Take Your Soul (1964)
2;This Night I Will Possess Your Corpse (1967)
3;Embodiment of Evil (2008)
1;Cold Prey (2006)
2;Cold Prey 2 (2008)
3;Cold Prey 3 (2010)
1;A Summer at Grandpa's (1984)
2;The Time to Live and the Time to Die (1985)
3;Dust in the Wind (film) (1986)
1;Cotton Comes to Harlem (1970)
2;Come Back, Charleston Blue (1972)
3;A Rage in Harlem (1991)
1;The Count of Monte Cristo (1934)
2;The Son of Monte Cristo (1940)
3;The Return of Monte Cristo (1946)
1;The Adventures of Count Bobby (1961)
2;The Sweet Life of Count Bobby (1962)
3;Count Bobby, The Terror of The Wild West (1965)
1;Crackerjack (1994)
2;Crackerjack 2 (1996)
3;Crackerjack 3 (2000)
1;Creature from the Black Lagoon (1954)
2;Revenge of the Creature (1955)
3;The Creature Walks Among Us (1956)
1;Creepshow (1982)
2;Creepshow 2 (1987)
3;Creepshow III (2006) (unofficial)  
1;Crocodile Dundee (1986)
2;Crocodile Dundee II (1988)
3;Crocodile Dundee in Los Angeles (2001)
1;Cruel Intentions (1999)
2;Cruel Intentions 2 (2001)    
3;Cruel Intentions 3 (2004)  
1;Cube (1997)
2;Cube 2: Hypercube (2002)
3;Cube Zero (2004)  
1;Cyborg (1989)
2;Cyborg 2 (1993)
3;Cyborg 3: The Recycler (1994)  
1;Cyborg Cop (1993)  
2;Cyborg Cop II (1994)  
3;Cyborg Cop III (1995)  
1;Daimajin (1966)
2;Wrath of Daimajin (1966)
3;Return of Daimajin (1966)
1;Dallas: The Early Years (1986)  
2;Dallas: J.R. Returns (1996)  
3;Dallas: War of the Ewings (1998)  
1;Dancing Master (1979)
2;Superhand: Shadow of the Dancing Master (1980)
3;Dancing Master 2: Macao Connection (1982)
1;Batman Begins (2005)
2;The Dark Knight (2008)
3;The Dark Knight Rises (2012)
1;Darkman (1990)
2;Darkman II: The Return of Durant (1995)  
3;Darkman III: Die Darkman Die (1996)  
1;Nadodikkattu (1987)
2;Pattanapravesham (1988)
3;Akkareyakkareyakkare (1990)
1;Days of Being Wild (1991)
2;In the Mood for Love (2000)
3;2046 (2004)
1;Night of the Living Dead (1990)
2;Dawn of the Dead (2004)
3;Day of the Dead (2008)  
1;Dead or Alive: Hanzaisha (1999)
2;Dead or Alive 2: Tôbôsha (2000)
3;Dead or Alive: Final (2002)
1;Dear Caroline (1951)
2;Un caprice de Caroline chérie (fr) (1953)
3;Caroline and the Rebels (1955)
1;Dear Ruth (1947)
2;Dear Wife (1949)
3;Dear Brat (1951)
1;Death Note (2006)
2;Death Note: The Last Name (2007)
3;L Change the WorLd (2008)
1;Amores perros (2000)
2;21 Grams (2003)
3;Babel (2006)
1;Gerry (2002)
2;Elephant (2003)
3;Last Days (2005)
1;The Decline of Western Civilization (1981)
2;The Decline of Western Civilization Part II: The Metal Years (1988)
3;The Decline of Western Civilization III (1998)
1;The Defenders: Payback (1997)  
2;The Defenders: Choice of Evils (1998)  
3;The Defenders: Taking the First (1998)  
1;The Delta Force (1986)
2;Delta Force 2: The Colombian Connection (1990)
3;Delta Force 3: The Killing Game (1991)
1;The Keeper of Lost Causes (2013)
2;The Absent One (2014)
3;A Conspiracy of Faith (2016)
1;Detective Dee and the Mystery of the Phantom Flame (2010)
2;Young Detective Dee: Rise of the Sea Dragon (2013)  
3;Detective Dee: The Four Heavenly Kings (2018)  
1;Alerte au Deuxième Bureau (fr) (1956)
2;Deuxième Bureau contre inconnu (fr) (1957)
3;Rapt au Deuxième Bureau (fr) (1958)
1;The Computer Wore Tennis Shoes (1969)
2;Now You See Him, Now You Don't (1972)
3;The Strongest Man in the World (1975)
1;Dhoom (2004)
2;Dhoom 2 (2006)
3;Dhoom 3 (2013)
1;Dibu: La película (1997)
2;Dibu 2: La venganza de Nasty (1998)
3;Dibu 3 (2002)
1;Dick Barton: Special Agent (1948)
2;Dick Barton Strikes Back (1949)
3;Dick Barton at Bay (1950)
1;Dinocroc (2004)
2;Supergator (2007)  
3;Dinocroc vs. Supergator (2010)  
1;Divergent (2014)
2;The Divergent Series: Insurgent (2015)
3;The Divergent Series: Allegiant (2016)
1;Dr. Mabuse the Gambler (1922)
2;The Testament of Dr. Mabuse (1933)
3;The Thousand Eyes of Dr. Mabuse (1960)
1;The Name of the Doctor (2013)  
2;The Day of the Doctor (2013)  
3;The Time of the Doctor (2013)  
1;A Fistful of Dollars (1964)
2;For a Few Dollars More (1965)
3;The Good, the Bad and the Ugly (1966)
1;Metropolitan (1990)
2;Barcelona (1994)
3;The Last Days of Disco (1998)
1;The Mysterious Dr. Fu Manchu (1929)
2;The Return of Dr. Fu Manchu (1930)
3;Daughter of the Dragon (1931)
1;The Country Doctor (1936)
2;Reunion (1936)
3;Five of a Kind (1938)
1;Dracula 2000 (2000)
2;Dracula II: Ascension (2003)  
3;Dracula III: Legacy (2005)  
1;Drake & Josh Go Hollywood (2006)  
2;Drake & Josh: Really Big Shrimp (2007)  
3;Merry Christmas, Drake & Josh (2008)  
1;Dragnet (1954)
2;Dragnet (1966)
3;Dragnet (1987)
1;Duma o Kovpake: Nabat (1973)
2;Duma o Kovpake: Buran (1975)
3;Duma o Kovpake: Karpaty, Karpaty... (1976)
1;Dumb and Dumber (1994)
2;Dumb and Dumberer: When Harry Met Lloyd (2003)  
3;Dumb and Dumber To (2014)
1;Dungeons & Dragons (2000)
2;Dungeons & Dragons: Wrath of the Dragon God (2005)
3;Dungeons & Dragons: The Book of Vile Darkness (2012)  
1;Dynasty: The Reunion (1991)  
2;Dynasty: The Making of a Guilty Pleasure (2005)  
3;Dynasty Reunion: Catfights & Caviar (2006)  
1;Fire (1996)
2;Earth (1998)
3;Water (2005)
1;Elvis Gratton: Le king des kings (1985)
2;Elvis Gratton II: Miracle à Memphis (1999)
3;Elvis Gratton 3: Le retour d'Elvis Wong (2004)
1;Emil i Lönneberga (1971)
2;Nya hyss av Emil i Lönneberga (1972)
3;Emil and the Piglet (1973)
1;Entrails of a Virgin (1986)
2;Entrails of a Beautiful Woman (1986)
3;Female Inquisitor (1987)
1;Erkan & Stefan (de) (2000)
2;Erkan & Stefan gegen die Mächte der Finsternis (de) (2002)
3;Erkan & Stefan in Der Tod kommt krass (de) (2005)
1;Erotic Ghost Story (1987)
2;Erotic Ghost Story II (1993)
3;Erotic Ghost Story III (1994)
1;The Element of Crime (1984)
2;Epidemic (1988)
3;Europa (1991)
1;11/11/11 (2011)  
2;12/12/12 (2012)
3;13/13/13 (2013)
1;The Evil Dead (1981)
2;Evil Dead II (1987)
3;Army of Darkness (1993)
1;The Expendables (2010)
2;The Expendables 2 (2012)
3;The Expendables 3 (2014)
1;The Eye (2002)
2;The Eye 2 (2004)
3;The Eye 10 (2005)
1;Eyyvah Eyvah (2010)
2;Eyyvah Eyvah 2 (2011)
3;Eyyvah Eyvah 3 (tr) (2014)
1;Fack ju Göhte (2013)
2;Fack ju Göhte 2 (2015)
3;Fack ju Göhte 3 (2017)
1;A Fairly Odd Movie: Grow Up, Timmy Turner!  
2;A Fairly Odd Christmas  
3;A Fairly Odd Summer  
1;Familien Gyldenkål (1975)
2;Familien Gyldenkål sprænger banken (1976)
3;Familien Gyldenkål vinder valget (1977)
1;Fantômas (1964)
2;Fantômas se déchaîne (1965)
3;Fantômas contre Scotland Yard (1967)
1;Fatal Fury: Legend of the Hungry Wolf (1992)  
2;Fatal Fury: The Motion Picture (1994)
3;Fatal Fury 2: The New Battle (1993)  
1;Feast (2005)
2;Feast 2: Sloppy Seconds (2008)
3;Feast III: The Happy Finish (2009)  
1;Fifty Shades of Grey (2015)
2;Fifty Shades Darker (2017)
3;Fifty Shades Freed (2018)
1;Fight Back to School (1991)
2;Fight Back to School II (1992)
3;Fight Back to School III (1993)
1;Flåklypa Grand Prix (1975)
2;Solan, Ludvig og Gurin med reverompa (no) (1998)
3;Solan og Ludvig – Jul i Flåklypa (no) (2013)
1;Flash Gordon (1936)
2;Flash Gordon's Trip to Mars (1938)
3;Flash Gordon Conquers the Universe (1940)
1;The Touch of Her Flesh (1967)
2;The Kiss of Her Flesh (1968)
3;The Curse of Her Flesh (1968)
1;Flicka (2006)
2;Flicka 2 (2010)  
3;Flicka: Country Pride (2012)  
1;Flodder (1986)
2;Flodders in America (1992)
3;Flodder 3 (1995)
1;Mum's the Word (2016)  
2;Snipped in the Bud (2016)  
3;Dearly Depotted (2016)  
1;The Fly (1958)
2;Return of the Fly (1959)
3;Curse of the Fly (1965)
1;Foster's Home for Imaginary Friends - House of Bloo's (2004)  
2;Foster's Home for Imaginary Friends - Good Wilt Hunting (2006)  
3;Foster's Home for Imaginary Friends - Destination Imagination (2008)  
1;Freaky Friday (1976)
2;Summer Switch (1984)  
3;A Billion for Boris (1984)  
1;Fred: The Movie (2010)  
2;Fred 2: Night of the Living Fred (2011)  
3;Fred 3: Camp Fred (2012)  
1;The French Connection (1971)
2;French Connection II (1975)
3;Popeye Doyle (1986)  
1;Friday (1995)
2;Next Friday (2000)
3;Friday After Next (2002)
1;Dil Chahta Hai (2001)
2;Rock On!! (2008)
3;Zindagi Na Milegi Dobara (2010)
1;From Dusk Till Dawn (1996)
2;From Dusk Till Dawn 2: Texas Blood Money (1999)
3;From Dusk Till Dawn 3: The Hangman's Daughter (2000)  
1;Furyô banchô: Inoshika Ochô (1969)
2;Furyô anego den: Inoshika Ochô (1973)
3;Yasagure anego den: sôkatsu rinchi (1973)
1;Garfield Gets Real (2007)  
2;Garfield's Fun Fest (2008)  
3;Garfield's Pet Force (2009)  
1;Gas House Kids (1946)
2;Gas House Kids Go West (1947)
3;Gas House Kids in Hollywood (1947)
1;General's Son (1990)
2;General's Son II (1991)
3;General's Son III (1992)
1;Mission à Tanger (1949)
2;Méfiez-vous des blondes (1950)
3;Massacre en dentelles (1952)
1;The Damned (1969)
2;Death in Venice (1971)
3;Ludwig (1972)
1;Get Married (2007)
2;Get Married 2 (2009)
3;Get Married 3 (2011)
1;G.I. Joe: The Movie (1987)  
2;G.I. Joe: Spy Troops (2003)  
3;G.I. Joe: Valor vs. Venom (2004)  
1;Rescue from Gilligan's Island (1978)
2;The Castaways on Gilligan's Island (1979)
3;The Harlem Globetrotters on Gilligan's Island (1981)
1;Ginger (1971)
2;The Abductors (1972)
3;Girls Are for Loving (1973)
1;The Gingerdead Man (2006)
2;Gingerdead Man 2: Passion of the Crust (2008)  
3;Gingerdead Man 3: Saturday Night Cleaver (2009)  
1;Ginger Snaps (2000)
2;Ginger Snaps 2: Unleashed (2004)
3;Ginger Snaps Back: The Beginning (2004)  
1;Goal (2005)
2;Goal II: Living the Dream (2007)
3;Goal III: Taking on the World (2009)  
1;The Godfather (1972)
2;The Godfather Part II (1974)
3;The Godfather Part III (1990)
1;God's Not Dead (2014)
2;God's Not Dead 2 (2016)
3;God's Not Dead: A Light in Darkness (2018)
1;Breaking the Waves (1996)
2;The Idiots (1998)
3;Dancer in the Dark (2000)
1;Goldy: The Last of the Golden Bears (1984)
2;Goldy 2: The Saga of the Golden Bear (1986)
3;The Magic of the Golden Bear: Goldy III (1994)
1;Gone in 60 Seconds (1974)
2;The Junkman (1982)
3;Deadline Auto Theft (1983)
1;Goodnight for Justice (2011)  
2;The Measure of a Man (2012)  
3;Queen of Hearts (2013)  
1;Goopy Gyne Bagha Byne (1968)
2;Heerak Rajar Deshe (1980)
3;Goopy Bagha Phire Elo (1991)
1;G.O.R.A. (2004)
2;A.R.O.G. (2008)
3;Arif V 216 (tr) (2018)
1;Le Gorille vous salue bien (1958)
2;La Valse du Gorille (fr) (1959)
3;Le Gorille a mordu l'archevêque (fr) (1963)
1;Göta kanal eller Vem drog ur proppen? (1981)
2;Göta kanal 2 - Kanalkampen (2006)
3;Göta kanal 3 - Kanalkungens hemlighet (2009)
1;The Great Ziegfeld (1936)
2;Ziegfeld Girl (1941)
3;Ziegfeld Follies (1946)
1;Green Street (2005)
2;Green Street 2: Stand Your Ground (2009)
3;Green Street 3: Never Back Down (2013)
1;Death Proof (2007)
2;Planet Terror (2007)*
3;Machete (2010) (spin-off)
1;The Grudge (2004)
2;The Grudge 2 (2006)
3;The Grudge 3 (2009)  
1;Guns of El Chupacabra (1997)  
2;Guns of El Chupacabra II: The Unseen (1998)  
3;El Chupacabra (2003)  
1;Ha-Chayim Al-Pi Agfa (1992)
2;Smicha Hashmalit Ushma Moshe (1995)
3;Mar Baum (1997)
1;Hanni & Nanni (2010)
2;Hanni & Nanni 2 (de) (2012)
3;Hanni & Nanni 3 (de) (2013)
1;Dudes Are Pretty People (1942)
2;Calaboose (1943)
3;Prairie Chickens (1943)
1;Goyôkiba (1972)
2;Goyôkiba: Kamisori Hanzô jigoku zeme (1973)
3;Goyôkiba: Oni no Hanzô yawahada koban (1974)
1;The Hangover (2009)
2;The Hangover Part II (2011)
3;The Hangover Part III (2013)
1;The Happy Hooker (1975)
2;The Happy Hooker Goes to Washington (1977)
3;The Happy Hooker Goes Hollywood (1980)
1;Hard Time (1998)  
2;The Premonition (1999)  
3;Hostage Hotel (1999)  
1;In Harihar Nagar (1990)
2;2 Harihar Nagar (2009)
3;In Ghost House Inn (2010)
1;Harold & Kumar Go to White Castle (2004)
2;Harold & Kumar Escape from Guantanamo Bay (2008)
3;A Very Harold & Kumar 3D Christmas (2011)
1;Olympus Has Fallen (2013)
2;London Has Fallen (2016)
3;Angel Has Fallen (2018)
1;Hate Story (2012)
2;Hate Story 2 (2014)
3;Hate Story 3 (2015)
1;Heintje - Ein Herz geht auf Reisen (1969)
2;Heintje - Einmal wird die Sonne wieder scheinen (1970)
3;Heintje - Mein bester Freund (1970)
1;Hej Stine! (1970)
2;I din fars lomme (1973)
3;Sådan er jeg osse (1980)
1;Hellboy Animated: Sword of Storms (2006)  
2;Hellboy Animated: Blood and Iron (2007)  
3;Hellboy Animated: Iron Shoes (2007)  
1;Helga – Vom Werden des menschlichen Lebens (1967)
2;Helga und Michael (1968)
3;Helga und die Männer - Die sexuelle Revolution (1969)
1;He-Man and She-Ra: The Secret of the Sword (1985)  
2;He-Man and She-Ra: A Christmas Special (1985)  
3;Skeletor's Revenge (1986)  
1;The Lamb (1915)
2;The Mollycoddle (1920)
3;The Saphead (1920)
1;Her Fatal Ways (1990)
2;Her Fatal Ways II (1991)
3;Her Fatal Ways III (1993)
1;Hexen bis aufs Blut gequält (1970)
2;Hexen geschändet und zu Tode gequält (1973)
3;Mark of the Devil 666: The Moralist (1995)
1;The Hills Have Eyes (1977)
2;The Hills Have Eyes Part II (1985)
3;The Hills Have Eyes III (1995)  
1;Honey, I Shrunk the Kids (1989)
2;Honey, I Blew Up the Kid (1992)
3;Honey, We Shrunk Ourselves (1997)  
1;Hostel (2005)
2;Hostel: Part II (2007)
3;Hostel: Part III (2011)  
1;Hotel Transylvania (2012)
2;Hotel Transylvania 2 (2015)
3;Hotel Transylvania 3: Summer Vacation (2018)
1;Housefull (2010)
2;Housefull 2 (2012)
3;Housefull 3 (2016)
1;How to Train Your Dragon (2010)
2;How to Train Your Dragon 2 (2014)
3;How to Train Your Dragon 3 (2019)
1;The Human Centipede (First Sequence)
2;The Human Centipede 2 (Full Sequence)
3;The Human Centipede 3 (Final Sequence)
1;No Greater Love (1959)
2;Road to Eternity (1959)
3;A Soldier's Prayer (1961)
1;Hustruer (1975)
2;Hustruer - ti år etter (1985)
3;Hustruer III (1996)
1;I Know What You Did Last Summer (1997)
2;I Still Know What You Did Last Summer (1998)
3;I'll Always Know What You Did Last Summer (2006)  
1;I mostri (1963)
2;I nuovi mostri (1977)
3;I mostri oggi (2009)
1;In the Heat of the Night (1967)
2;They Call Me MISTER Tibbs! (1970)
3;The Organization (1971)
1;Indecent Behavior (1993)
2;Indecent Behavior II (1994)
3;Indecent Behavior III (1995)
1;Satya (1998)
2;Company (2002)
3;D (2005)
1;Infernal Affairs (2002)
2;Infernal Affairs II (2003)  
3;Infernal Affairs III (2003)
1;Aavanazhi (1986)
2;Inspector Balram (1991)
3;Balram vs. Tharadas (2006)
1;Inspector Hornleigh (1939)
2;Inspector Hornleigh on Holiday (1939)
3;Inspector Hornleigh Goes to It (1941)
1;Inspecteur Sergil (fr) (1947)
2;Sergil et le dictateur (fr) (1948)
3;Sergil chez les filles (fr) (1952)
1;The Man from Majorca (1984)
2;I lagens namn (sv) (1986)
3;Den vite riddaren (sv) (1994)  
1;I soliti ignoti (1958)
2;Audace colpo dei soliti ignoti (1960)
3;I soliti ignoti vent'anni dopo (1985)
1;Under the Sun of Rome (aka Sotto il sole di Roma) (1948)
2;È primavera... (1950)
3;Two Cents Worth of Hope (aka Due Soldi di Speranza) (1950)
1;Ip Man (2008)
2;Ip Man 2 (2010)
3;Ip Man 3 (2015)
1;It's Alive (1974)
2;It Lives Again (1978)
3;It's Alive III: Island of the Alive (1987)
1;Ivan Groznyy I (1944)
2;Ivan Groznyy II: Boyarsky zagovor (1958)
3;Ivan Groznyy III (1988)
1;Ivan Tsarevich and the Gray Wolf (2011)
2;Ivan Tsarevich and the Gray Wolf (2013)
3;Ivan Tsarevich and the Gray Wolf (2016)
1;Jackass: The Movie (2002)
2;Jackass Number Two (2006)
3;Jackass 3D (2010)
1;Jarhead (2005)
2;Jarhead 2: Field of Fire (2014)  
3;Jarhead 3: The Siege (2016)  
1;Jeepers Creepers (2001)
2;Jeepers Creepers 2 (2003)
3;Jeepers Creepers 3 (2017)
1;Des frissons partout (1963)
2;Laissez tirer les tireurs (fr) (1964)
3;Ces dames s'en mêlent (1965)
1;Jeg - en kvinde (1965)
2;Jeg, en kvinda II (1968)
3;3 slags kærlighed (1970)
1;Jesse James Rides Again (1947)
2;Adventures of Frank and Jesse James (1948)
3;The James Brothers of Missouri (1949)
1;The Jetsons Meet the Flintstones (1987)  
2;Rockin' with Judy Jetson (1987)  
3;Jetsons: The Movie (1990)
1;Jiang tou (1975)
2;Gou hun jiang tou (1976)
3;Ratu ilmu hitam (1979)
1;The Jimmy Timmy Power Hour (2004)  
2;The Jimmy Timmy Power Hour 2: When Nerds Collide (2006)  
3;The Jimmy Timmy Power Hour 3: The Jerkinators (2006)  
1;Recordações da Casa Amarela (1989)
2;A Comédia de Deus (1995)
3;As Bodas de Deus (1999)
1;Once a Thief (1996)  
2;Once a Thief: Brother Against Brother (1997)  
3;Once a Thief: Family Business (1998)  
1;Johnny English (2003)
2;Johnny English Reborn (2011)
3;Johnny English 3 (2018)
1;Joy Ride (2001)
2;Joy Ride 2: Dead Ahead (2008)  
3;Joy Ride 3: Roadkill (2014)  
1;Jumanji (1995)
2;Zathura: A Space Adventure (2005)
3;Jumanji: Welcome to the Jungle (2017)
1;Rudyard Kipling's The Jungle Book (1994)
2;Rudyard Kipling's The Second Jungle Book: Mowgli and Baloo (1996)
3;Rudyard Kipling's The Jungle Book: Mowgli's Story (1998)  
1;Jungledyret (1993)
2;Jungledyret 2 - den store filmhelt (1996)
3;Jungledyret Hugo: Fræk, flabet og fri (2007)
1;Justice League (Secret Origins) (2001)  
2;Justice League - The Savage Time (2002)  
3;Justice League: Starcrossed (2004)  
1;K-9 (1989)
2;K-911 (1999)  
3;K-9: P.I. (2002)  
1;The Vampire Lovers (1970)
2;Lust for a Vampire (1971)
3;Twins of Evil (1972)
1;Mimics Parade (1991)
2;Kasargod Khader Bhai (1992)
3;Again Kasargod Khader Bhai (2010)
1;Chelsea 7750 (1913)
2;An Hour Before Dawn (1913)
3;The Port of Doom (1913)
1;Kekec (1951)
2;Srecno Kekec (1963)
3;Kekceve ukane (1968)
1;The Bastard (1978)  
2;The Rebels (1979)  
3;The Seekers (1979)  
1;The Red Spectacles (1987)
2;StrayDog: Kerberos Panzer Cops (1991)
3;Jin-Roh: The Wolf Brigade (1999)
1;Kerubin (1952)
2;Tulisang pugot (1953)
3;Nagkita si Kerubin at si Tulisang Pugot (1954)
1;Kevade (1969)
2;Suvi (1976)
3;Sügis (1990)
1;Kirikou and the Sorceress (1998)
2;Kirikou and the Wild Beasts (2005)
3;Kirikou and the Men and Women (2012)
1;Ivanhoe (1952)
2;Knights of the Round Table (1953)
3;The Adventures of Quentin Durward (1955)
1;Knight Rider 2000 (1991)  
2;Knight Rider 2010 (1994)  
3;Knight Rider (2008)  
1;Where Is the Friend's Home? (1987)
2;And Life Goes On (aka Life and Nothing More) (1992)
3;Through the Olive Trees (1994)
1;Kolpaçino (2009)
2;Kolpaçino: Bomba (2011)
3;Kolpaçino 3. Devre (tr) (2016)
1;Koi... Mil Gaya (2003)
2;Krrish (2006)
3;Krrish 3 (2013)
1;Kung Fu: The Way of the Tiger, the Sign of the Dragon (1972)  
2;Kung Fu: The Movie (1986)  
3;Kung Fu: The Next Generation (1987)  
1;Kung Fu Panda (2008)
2;Kung Fu Panda 2 (2011)
3;Kung Fu Panda 3 (2016)
1;Kutsal Damacana (2007)
2;Kutsal Damacana 2: İtmen (2010)
3;Kutsal Damacana: Dracoola (2011)
1;Kyaa Kool Hai Hum (2005)
2;Kyaa Super Kool Hain Hum (2012)
3;Kyaa Kool Hain Hum 3 (2016)
1;The Last Chance Detectives: Mystery Lights of Navajo Mesa (1994)  
2;The Last Chance Detectives: Legend of the Desert Bigfoot (1995)  
3;The Last Chance Detectives: Escape from Fire Lake (1996)  
1;Wu yi tan zhang: Lei Luo zhuan (1991)
2;Wu yi tan zhang: Lei Luo zhuan zhi er (1991)
3;Wu yi tan zhang: Lei Luo zhuan zhi san (1992)
1;Left Behind (2000)  
2;Left Behind II: Tribulation Force (2002)  
3;Left Behind: World at War (2005)
1;Legally Blonde (2001)
2;Legally Blonde 2: Red, White & Blonde (2003)
3;Legally Blondes (2009)  
1;Les Tuche (2011)
2;Les Tuche 2 (2016)
3;Les Tuche 3 (fr) (2018)
1;The Librarian: Quest for the Spear (2004)  
2;The Librarian: Return to King Solomon's Mines (2006)  
3;The Librarian: Curse of the Judas Chalice (2008)  
1;Lilly the Witch: The Dragon and the Magic Book (2009)
2;Lilly the Witch: The Journey to Mandolan (2011)
3;Lilly's Bewitched Christmas (de) (2017)
1;L'insegnante (1975)
2;L'insegnante va in collegio (1978)
3;L'insegnante viene a casa (1978)
1;The Little Mermaid (1989)
2;The Little Mermaid II: Return to the Sea (2000)  
3;The Little Mermaid: Ariel's Beginning (2008)    
1;Look Who's Talking (1989)
2;Look Who's Talking Too (1990)
3;Look Who's Talking Now (1993)
1;The Lost Boys (1987)
2;Lost Boys: The Tribe (2008)  
3;Lost Boys: The Thirst (2010)  
1;Love Hunter (1972)
2;Love Hunter: Hot Skin (1972)
3;Love Hunter: Lust (1973)
1;Winners and Sinners (1983)
2;My Lucky Stars (1985)
3;Twinkle, Twinkle Lucky Stars (1986)
1;Lucky Stars Go Places (1986)
2;Return of the Lucky Stars (1989)
3;Ghost Punting (1991)
1;Lyubit po-russki (1989)
2;Lyubit po-russki 2 (1996)
3;Lyubit po-russki 3: Gubernator (1999)
1;Picpus (fr) (1943)
2;Cécile est morte (fr) (1944)
3;Majestic Hotel Cellars (1945)
1;Maigret Sets a Trap (1958)
2;Maigret et l'Affaire Saint-Fiacre (1959)
3;Maigret voit rouge (fr) (1963)
1;Waga jinsei saiaku no toki (1994)
2;Harukana jidai no kaidan o (1995)
3;Wana (1996)
1;Major League (1989)
2;Major League II (1994)
3;Major League: Back to the Minors (1998)
1;A Man Called Horse (1970)
2;The Return of a Man Called Horse (1976)
3;Triumphs of a Man Called Horse (1982)
1;The Mangler (1995)
2;The Mangler 2 (2002)  
3;The Mangler Reborn (2005)  
1;Maniac Cop (1988)
2;Maniac Cop 2 (1990)  
3;Maniac Cop III: Badge of Silence (1993)  
1;Der Tod der Maria Malibran (fr) (1972)
2;Willow Springs (fr) (1973)
3;Goldflocken (1976)
1;Mark of the Cop (1975)
2;Mark Shoots First (1975)
3;Mark Strikes Again (1976)
1;Marrying the Mafia (2002)
2;Marrying the Mafia II (2005)
3;Marrying the Mafia III (2006)
1;Mary Tyler Moore: The 20th Anniversary Show (1991)  
2;Mary and Rhoda (2000)  
3;The Mary Tyler Moore Reunion (2002)  
1;The Masked Gang (2005)
2;The Masked Gang: Iraq (2007)
3;The Masked Gang: Cyprus (2008)
1;Mästerdetektiven Blomkvist (1947)
2;Mästerdetektiven och Rasmus (1953)
3;Mästerdetektiven Blomkvist lever farligt (1957)
1;The Matrix (1999)
2;The Matrix Reloaded (2003)
3;The Matrix Revolutions (2003)
1;A Town Without Christmas (2001)  
2;Finding John Christmas (2003)  
3;When Angels Come to Town (2004)  
1;The Youth of Maxim (1935)
2;The Return of Maxim (1937)
3;The Vyborg Side (1939)
1;Detstvo Gorkogo (1938)
2;V lyudyakh (1939)
3;Moi universitety (1940)
1;Mayday (1993)
2;Illumination (1995)
3;The Astonishing Tribe (1996)
1;The Maze Runner (2014)
2;Maze Runner: The Scorch Trials (2015)
3;Maze Runner: The Death Cure (2018)
1;Meet the Parents (2000)
2;Meet the Fockers (2004)
3;Little Fockers (2010)
1;Het geheim van Mega Mindy (nl) (2009)
2;Mega Mindy en het Zwarte Kristal (nl) (2010)
3;Mega Mindy en de Snoepbaron (nl) (2011)
1;Meister Eder und sein Pumuckl (1982)
2;Pumuckl und der blaue Klabauter (de) (1994)
3;Pumuckl und sein Zirkusabenteuer (de) (2003)
1;Le Samouraï (1967)
2;Le Cercle Rouge (1970)
3;Un flic (1972)
1;Men in Black (1997)
2;Men in Black II (2002)
3;Men in Black 3 (2012)
1;The Mercenary (1968)
2;Compañeros (1970)
3;Long Live Your Death (1971)
1;El Mariachi (1992)
2;Desperado (1995)
3;Once Upon a Time In Mexico (2003)
1;The Seventh Continent (1989)
2;Benny's Video (1992)
3;71 Fragments of a Chronology of Chance (1994)
1;If.... (1968)
2;O Lucky Man! (1973)
3;Britannia Hospital (1982)
1;Mig og min lillebror (1967)
2;Mig og min lillebror og storsmuglerne (1968)
3;Mig og min lillebror og Bølle (1969)
1;The Mighty Ducks (1992)
2;D2: The Mighty Ducks (1994)
3;D3: The Mighty Ducks (1996)
1;The Hostage Tower (1980)  
2;Death Train (aka Detonator) (1993)  
3;Night Watch (1995)  
1;Das Mikroskop (1988)
2;Der Philosoph (1989)
3;Sieben Frauen (1989)
1;Milano calibro 9 (1972)
2;La mala ordina (1972)
3;Il boss (1973)
1;Miljonär för en dag (1926)
2;Kvick som Blixten (1927)
3;På kryss med Blixten (1927)
1;The Girl With The Dragon Tattoo (2009)
2;The Girl Who Played With Fire (2009)
3;The Girl Who Kicked The Hornets' Nest (2009)
1;Mimic (1997)
2;Mimic 2 (2001)  
3;Mimic 3: Sentinel (2003)  
1;The Miracle Worker (1962 film)
2;The Miracle Worker (1979 film)
3;The Miracle Worker (2000 film)
1;Missing in Action (1984)
2;Missing in Action 2: The Beginning (1985)  
3;Braddock: Missing in Action III (1988)
1;The Mouse and the Motorcycle (1986)  
2;Runaway Ralph (1988)  
3;Ralph S. Mouse (1990)  
1;A Moment of Romance (1990)
2;A Moment of Romance II (1992)
3;A Moment of Romance III (1996)
1;Le Monocle noir (fr) (1961)
2;L'Œil du Monocle (fr) (1962)
3;Le Monocle rit jaune (fr) (1964)
1;Godzilla (2014)
2;Kong: Skull Island (2017)
3;Godzilla: King of the Monsters (2019)
1;La gran aventura de Mortadelo y Filemón (2003)
2;Mortadelo y Filemón. Misión: salvar la Tierra (2008)
3;Mortadelo y Filemón contra Jimmy el Cachondo (2014) (A)
1;Mostly Ghostly (2008)  
2;Mostly Ghostly: Have You Met My Ghoulfriend? (2014)  
3;Mostly Ghostly: One Night in Doom House (2016)  
1;Sitting Pretty (1948)
2;Mr. Belvedere Goes to College (1949)
3;Mr. Belvedere Rings the Bell (1951)
1;2-Headed Shark Attack (2012)  
2;3-Headed Shark Attack (2015)  
3;5-Headed Shark Attack (2017)  
1;Muni (2007)
2;Muni 2: Kanchana (2011)
3;Kanchana 2 (2015)
1;Murder (2004)
2;Murder 2 (2011)
3;Murder 3 (2013)
1;MVP: Most Valuable Primate (2000)
2;MVP 2: Most Vertical Primate (2001)
3;MXP: Most Xtreme Primate (2003)
1;My Childhood (1972)
2;My Ain Folk (1973)
3;My Way Home (1978)
1;My Friend Flicka (1943)
2;Thunderhead, Son of Flicka (1945)
3;Green Grass of Wyoming (1948)
1;My Friends (1975)
2;All My Friends Part 2 (1982)
3;Amici miei Atto III (1985)
1;My Super Psycho Sweet 16 (2009)  
2;My Super Psycho Sweet 16: Part 2 (2010)  
3;My Super Psycho Sweet 16: Part 3 (2012)  
1;My Wife Is a Gangster (2001)
2;My Wife Is a Gangster 2 (2003)
3;My Wife Is a Gangster 3 (2006)
1;The Naked Gun: From the Files of Police Squad! (1988)
2;The Naked Gun 2½: The Smell of Fear (1991)
3;Naked Gun 33⅓: The Final Insult (1994)
1;Napló gyermekeimnek (1984)
2;Napló szerelmeimnek (1987)
3;Napló apámnak, anyá
1;Nativity! (2009)
2;Danger in the Manger (2012)
3;Dude, Where's My Donkey? (2014)
1;Naruto the Movie: Ninja Clash in the Land of Snow (2004)
2;Naruto the Movie 2: Legend of the Stone of Gelel (2005)
3;Naruto the Movie 3: Guardians of the Crescent Moon Kingdom (2006)
1;National Lampoon Presents Dorm Daze (2002)
2;National Lampoon's Dorm Daze 2 (2006)  
3;Transylmania (2009)
1;Nemuri Kyôshirô Burai Hikae (1956)
2;Nemuri Kyôshirô Burai Hikae Dainibu (1957)
3;Nemuri Kyôshirô Burai Hikae: Maken Jigoku (1958)
1;Never Back Down (2008)
2;Never Back Down 2: The Beatdown (2011)
3;Never Back Down: No Surrender (2016)  
1;The NeverEnding Story (1984)
2;The NeverEnding Story II: The Next Chapter (1990)
3;The NeverEnding Story III: Escape from Fantasia (1994)
1;New Mr. Vampire (1987)
2;New Mr. Vampire 2 (1990)
3;New Mr. Vampire 3 (1991)
1;Nick Carter, Master Detective (1939)
2;Phantom Raiders (1940)
3;Sky Murder (1940)
1;Night at the Museum (2006)
2;Night at the Museum: Battle of the Smithsonian (2009)
3;Night at the Museum: Secret of the Tomb (2014)
1;Night of the Demons (1988)
2;Night of the Demons 2 (1994)  
3;Night of the Demons III (1997)  
1;The Ninja Mission (1984)
2;Eagle Island (1986)
3;Russian Terminator (1989)
1;Enter the Ninja (1981)
2;Revenge of the Ninja (1983)
3;Ninja III: The Domination (1984)
1;No Retreat, No Surrender (1986)
2;No Retreat, No Surrender 2 (1989)
3;No Retreat, No Surrender 3: Blood Brothers (1992)
1;Late Spring (1949)
2;Early Summer (1951)
3;Tokyo Story (1953)
1;I Not Stupid (2002)*
2;I Not Stupid Too (2006)*
3;We Not Naughty (2012)
1;Not Quite Human (1987)  
2;Not Quite Human II (1989)  
3;Still Not Quite Human (1992)  
1;O Brother, Where Art Thou? (2000)
2;Intolerable Cruelty (2003)
3;Hail, Caesar! (2016)
1;Nunsense (1993)  
2;Nunsense 2: The Sequel (1994)  
3;Nunsense Jamboree (1998)  
1;Oh, God! (1977)
2;Oh, God! Book II (1980)
3;Oh, God! You Devil (1984)
1;On the Buses (1971)
2;Mutiny on the Buses (1971)
3;Holiday on the Buses (1972)
1;Once Upon a Time in the West (1968)
2;Duck, You Sucker! (1971)
3;Once Upon a Time in America (1984)
1;One Missed Call (2004)
2;One Missed Call 2 (2005)
3;One Missed Call: Final (2006)
1;Ong-Bak: Muay Thai Warrior (2003)
2;Ong Bak 2 (2008)  
3;Ong Bak 3 (2010)  
1;Open Water (2003)
2;Open Water 2: Adrift (2006)
3;Open Water 3: Cage Dive (2017)
1;Orgasmo (1969)
2;Così dolce... così perversa (1969)
3;Paranoia (1970)
1;The Blood of a Poet (1932)
2;Orphée (1950)
3;Testament of Orpheus (1960)
1;Kevade (1969)
2;Suvi (1976)
3;Sügis (1990)
1;Outrage (2010)
2;Beyond Outrage (2012)
3;Outrage Coda (2017)
1;På dessa skuldror (sv) (1948)
2;Människors rike (sv) (1949)
3;Tarps Elin (sv) (1956)
1;Page 3 (2005)
2;Corporate (2006)
3;Traffic Signal (2007)
1;Palaris (1941)
2;Awit ni palaris (1946)
3;Anak ni palaris (1955)
1;Mon petit doigt m'a dit... (2005)
2;Crime Is Our Business (2008)
3;Associés contre le crime (film) (fr) (2012)
1;Patlabor: The Movie (2001)
2;Patlabor 2: The Movie (2002)
3;WXIII: Patlabor the Movie 3 (2003)
1;Døden på Oslo S (1990)
2;Giftige løgner (no) (1992)
3;De blå ulvene (1993)
1;Penitentiary (1979)
2;Penitentiary II (1982)
3;Penitentiary III (1987)
1;Nosotros los pobres (1948)
2;Ustedes los ricos (1948)
3;Pepe el Toro (1953)
1;Flugten (da) (1973)
2;Per (1975)
3;Blind makker (da) (1976)
1;Peter Voss, Thief of Millions (1958)
2;Bobby Dodd greift ein (de) (1959)
3;Peter Voss, Hero of the Day (1959)
1;Phoenix (1978)
2;Phoenix 2772 (1980)
3;Phoenix: Ho-o (1986)
1;Pido Dida: Sabay Tayo (1990)
2;Pido Dida 2 (Kasal na) (1991)
3;Pido Dida 3: May kambal na (1992)
1;Piédalu à Paris (fr) (1951)
2;Piédalu fait des miracles (fr) (1952)
3;Piédalu député (fr) (1954)
1;Il Decameron (1971)
2;I racconti di Canterbury (1972)
3;Il fiore delle mille e una notte (1974)
1;Piger i trøjen (1975)
2;Piger i trøjen 2 (1976)
3;Piger til søs (1977)
1;Pink Tush Girl (1978)
2;Pink Tush Girl: Love Attack (1979)
3;Pink Tush Girl: Proposal Strategy (1980)
1;Pitch Perfect (2012)
2;Pitch Perfect 2 (2015)
3;Pitch Perfect 3 (2017)
1;Poeten og Lillemor (1959)
2;Poeten og Lillemor og Lotte (1960)
3;Poeten og Lillemor i forårshumør (1961)
1;Poltergeist (1982)
2;Poltergeist II: The Other Side (1986)
3;Poltergeist III (1988)
1;Roja (1992)
2;Bombay (1995)
3;Dil Se.. (1998)
1;Popeye Meets the Man Who Hated Laughter (1972)  
2;Popeye (1980)
3;Popeye's Voyage: The Quest for Pappy (2004)  
1;Porky's (1982)
2;Porky's II: The Next Day (1983)
3;Porky's Revenge (1985)
1;Prehysteria! (1993)
2;Prehysteria! 2 (1994)  
3;Prehysteria! 3 (1995)  
1;Private Gladiator (2001)
2;Private Gladiator: In the City of Lust (2001)
3;Private Gladiator: Sexual Conquest (2001)
1;Private Lessons (1981)
2;Private Lessons II (1993)
3;Private Lessons: Another Story (1994)
1;Problem Child (1990)
2;Problem Child 2 (1991)
3;Problem Child 3: Junior in Love (1995)  
1;Pulse (2006)
2;Pulse 2: Afterlife (2008)  
3;Pulse 3: Invasion (2008)  
1;Pure Country (1992)
2;Pure Country 2: The Gift (2010)
3;Pure Country: Pure Heart (2017)
1;Pusher (1996)
2;Pusher II: With Blood on my Hands (2004)
3;Pusher III: I'm the Angel of Death (2005)
1;Puss in Boots (1969)
2;The Three Musketeers in Boots (1972)
3;Puss in Boots Travels Around the World (1976)
1;Koyaanisqatsi (1983)
2;Powaqqatsi (1988)
3;Naqoyqatsi (2002)
1;Qing shao nian nuo zha (1992)
2;Ai qing wan sui (1994)
3;He liu (1997)
1;Quando le donne avevano la coda (1970)
2;Quando le donne persero la coda (1972)
3;Quando gli uomini armarono la clava e... con le donne fecero din-don (1971)
1;The Quatermass Xperiment (1955)
2;Quatermass 2 (1957)
3;Quatermass and the Pit (1967)
1;Questi pazzi, pazzi italiani (1965)
2;Viale della canzone (1965)
3;008: Operazione ritmo (1965)
1;The Rat (1925)
2;The Triumph of the Rat (1926)
3;The Return of the Rat (1929)
1;Re-Animator (1985)
2;Bride of Re-Animator (1991)
3;Beyond Re-Animator (2003)  
1;Reclusorio (1997)
2;Fuera de la ley (1998)
3;Reclusorio III (1999)
1;Strictly Ballroom (1992)
2;William Shakespeare's Romeo + Juliet (1997)
3;Moulin Rouge! (2001)
1;Red Riding: In the Year of Our Lord 1974 (2009)
2;Red Riding: In the Year of Our Lord 1980 (2009)
3;Red Riding: In the Year of Our Lord 1983 (2009)
1;Restless (2000)
2;Me and Morrison (2001)
3;Addiction (2004)
1;El prisionero trece (1933)
2;El compadre Mendoza (1934)
3;Vámonos con Pancho Villa (1935)
1;The Ring (2002)
2;The Ring Two (2005)
3;Rings (2017)
1;Ring of Fire (1991)
2;Ring of Fire II: Blood and Steel (1993)
3;Ring of Fire 3: Lion Strike (1995)
1;Rio Bravo (1959)
2;El Dorado (1966)
3;Rio Lobo (1970)
1;My New Partner (1982)
2;My New Partner II (1990)
3;Ripoux 3 (fr) (2003)
1;The Rising Son (1990)
2;Legend of the Dragonslayer Sword (1996)
3;The Rage of Gina (1996)
1;Alice in the Cities (1974)
2;The Wrong Move (1975)
3;Kings of the Road (1976)
1;Roadkill (1989)
2;Highway 61 (1991)
3;Hard Core Logo (1996)
1;The Da Vinci Code (2006)
2;Angels & Demons (2009)
3;Inferno (2016)
1;The Bandit of Sherwood Forest (1946)
2;The Prince of Thieves (1948)
3;Rogues of Sherwood Forest (1950)
1;The Men of Sherwood Forest (1954)
2;Sword of Sherwood Forest (1960)
3;A Challenge for Robin Hood (1967)
1;RoboCop (1987)
2;RoboCop 2 (1990)
3;RoboCop 3 (1993)
1;Rock 'n' Roll High School (1979)
2;Rock 'n' Roll High School Forever (1991)
3;Shake, Rattle and Rock! (1994)  
1;Boris and Natasha: The Movie (1992)
2;Dudley Do-Right (1999)
3;The Adventures of Rocky and Bullwinkle (2000)
1;The Roller Blade Seven (1991)
2;The Legend of the Roller Blade Seven (1992)
3;Return of the Roller Blade Seven (1993)
1;Ruby Red (2013)
2;Sapphire Blue (2014)
3;Emerald Green (2016)
1;Rudolph the Red-Nosed Reindeer (1964)  
2;Rudolph's Shiny New Year (1976)  
3;Rudolph and Frosty's Christmas in July (1979)  
1;The Rugrats Movie (1998)
2;Rugrats in Paris: The Movie (2000)
3;Rugrats Go Wild (2003)
1;Rush Hour (1998)
2;Rush Hour 2 (2001)
3;Rush Hour 3 (2007)
1;Sabata (1969)
2;Adiós, Sabata (1971)
3;Return of Sabata (1971)
1;Sabrina the Teenage Witch (1996)  
2;Sabrina Goes to Rome (1998)  
3;Sabrina Down Under (1999)  
1;Sailor Moon R: The Movie (1993)
2;Sailor Moon S: The Movie (1994)
3;Sailor Moon Super S: The Movie (1995)
1;Samurai I: Musashi Miyamoto (1954)
2;Samurai II: Duel at Ichijoji Temple (1955)
3;Samurai III: Duel at Ganryu Island (1956)
1;The Twilight Samurai (2002)
2;The Hidden Blade (2004)
3;Love and Honor (2006)
1;The Sandlot (1993)
2;The Sandlot 2 (2005)  
3;The Sandlot: Heading Home (2007)  
1;The Santa Clause (1994)
2;The Santa Clause 2 (2002)
3;The Santa Clause 3: The Escape Clause (2006)
1;While the Patient Slept (1935)
2;The Patient in Room 18 (1938)
3;Mystery House (1938)
1;Sarah, Plain and Tall (1991)  
2;Skylark (1993)  
3;Sarah, Plain and Tall: Winter's End (1999)  
1;Sarkar (2005)
2;Sarkar Raj (2008)
3;Sarkar 3 (2017)
1;Scarecrow (2002)  
2;Scarecrow Slayer (2003)  
3;Scarecrow Gone Wild (2004)  
1;Screwballs (1983)
2;Screwballs II: Loose Screws (1985)
3;Screwball Hotel (1988)
1;Agent 077 - Mission Bloody Mary (1965)
2;Agent 077 From the Orient with Fury (1965)
3;Special Mission Lady Chaplin (1966)
1;Secret Games (1992)
2;Secret Games II (The Escort) (1993)
3;Secret Games 3 (1994)
1;The Sentimental Swordsman (1977)
2;Return of the Sentimental Swordsman (1981)
3;Perils of the Sentimental Swordsman (1982)
1;The 7th Voyage of Sinbad (1958)
2;The Golden Voyage of Sinbad (1974)
3;Sinbad and the Eye of the Tiger (1977)
1;Sex and Zen (1992)
2;Sex and Zen II (1996)
3;Sex and Zen III (1998)
1;Shaolin Temple (1982)
2;Kids From Shaolin (1983)
3;Martial Arts of Shaolin (1986)
1;Shark Attack (1999)  
2;Shark Attack 2 (2001)  
3;Shark Attack 3: Megalodon (2002)  
1;Sharktopus (2010)  
2;Sharktopus vs. Pteracuda (2014)  
3;Sharktopus vs. Whalewolf (2015)  
1;Sherlock Holmes and the Deadly Necklace (1962)
2;Sherlock Holmes and the Leading Lady (1992)  
3;Incident at Victoria Falls (1991)  
1;Shiloh (1996)
2;Shiloh 2: Shiloh Season (1999)
3;Saving Shiloh (2006)
1;Shiryô no wana (1988)
2;Shiryô no wana 2: Hideki (1992)
3;Chigireta ai no satsujin (1993)
1;Shocking Asia (1976)
2;Shocking Asia II: The Last Taboos (1985)
3;Shocking Asia III: After Dark (1995)
1;Operatsiya Y i drugiye priklyucheniya Shurika (1965)
2;Kavkazskaya plennitsa, ili Novye priklyucheniya Shurika (1967)
3;Ivan Vasilevich menyaet professiyu (1973)
1;Simon les nuages (fr) (1990)
2;Matusalem (fr) (1993)
3;Matusalem II: le dernier des Beauchesne (1997)
1;Singam (2010)
2;Singam II (2013)
3;Si3 (2017)
1;Sissi (1955)
2;Sissi – The Young Empress (1956)
3;Sissi – Fateful Years of an Empress (1957)
1;Skånska mord - Esarparen (1986)  
2;Skånska mord - Hurvamorden (1986)  
3;Skånska mord - Veberödsmannen (1986)  
1;The Skulls (2000)
2;The Skulls II (2002)  
3;The Skulls III (2004)  
1;Slap Shot (1977)
2;Slap Shot 2: Breaking the Ice (2002)  
3;Slap Shot 3: The Junior League (2008)  
1;À toi de jouer Callaghan (fr) (1955)
2;Plus de whisky pour Callaghan (fr) (1955)
3;Callaghan remet ça (fr) (1961)
1;Snake Eater (1989)
2;Snake Eater II: The Drug Buster (1991)
3;Snake Eater III: His Law (1992)
1;The Snow Queen (2012)
2;The Snow Queen 2 (2014)
3;The Snow Queen 3: Fire and Ice (2016)
1;Sometimes They Come Back (1991)  
2;Sometimes They Come Back Again (1996)  
3;Sometimes They Come Back for More (1998)  
1;Støv på hjernen (1959)
2;Sønner av Norge (1961)
3;Sønner av Norge kjøper bil (1962)
1;The Notorious Sophie Lang (1934)
2;The Return of Sophie Lang (1936)
3;Sophie Lang Goes West (1937)
1;Sorority House Massacre (1986)
2;Sorority House Massacre II (1990)
3;Hard to Die (1990)
1;The Spessart Inn (1958)
2;The Haunted Castle (1960)
3;Glorious Times at the Spessart Inn (1967)
1;Through a Glass, Darkly (1961)
2;Winter Light (1963)
3;The Silence (1963)
1;Spider-Man (2002)
2;Spider-Man 2 (2004)
3;Spider-Man 3 (2007)
1;The SpongeBob SquarePants Movie (2004)
2;SpongeBob's Atlantis SquarePantis (2007)  
3;SpongeBob vs. The Big One (2009)  
1;Stargate (1994)
2;Stargate: The Ark of Truth (2008)  
3;Stargate: Continuum (2008)  
1;Starzan: Shouting Star of the Jungle (1989)
2;Starzan II: The Coming of the Star Son (1989)
3;Starzan III: The Jungle Triangle (1990)
1;The Stepfather (1987)
2;Stepfather II (1989)
3;Stepfather III (1992)  
1;Street Fighter II: The Animated Movie (1995)
2;Street Fighter Alpha: The Movie (1999)
3;Street Fighter Alpha: Generations (2005)
1;Stuart Little (1999)
2;Stuart Little 2 (2002)
3;Stuart Little 3: Call of the Wild (2005)  
1;The Student Nurses (1970)
2;Private Duty Nurses (1971)
3;The Young Nurses (1973)
1;Sukeban Deka: The Movie (1987)
2;Counter Attack from the Kazama Sisters (1987)
3;Yo-Yo Girl Cop (2006)
1;Super Fly (1972)
2;Super Fly T.N.T. (1973)
3;The Return of Superfly (1990)
1;S.W.A.T. (2003)
2;S.W.A.T.: Firefight (2011)  
3;S.W.A.T.: Under Siege (2017)  
1;The Swordsman (1990)
2;Swordsman II (1992)
3;The East Is Red (1994) 
1;Tagediebe (1985)
2;Schlaflose Nächte (1988)
3;Die blaue Stunde (1992)
1;Taken (2008)
2;Taken 2 (2012)
3;Taken 3 (2014)
1;Demon Knight (1995)
2;Bordello of Blood (1996)
3;Ritual (2002)  
1;Tarzan (1999)
2;Tarzan & Jane (2002)  
3;Tarzan II (2005)    
1;Sümela'nın Şifresi: Temel (tr) (2011)
2;Moskova'nın Şifresi: Temel (tr) (2012)
3;Sümela'nın Şifresi 3: Cünyor Temel (tr) (2017)
1;Tenchi the Movie: Tenchi Muyo in Love (1996)
2;Tenchi the Movie 2: The Daughter of Darkness (1997)
3;Tenchi Forever! The Movie (1999)
1;Tokyo: The Last Megalopolis (1987)
2;Tokyo: The Last War (1989)
3;Teito Monogatari Gaiden (1995)
1;The Ten Gladiators (1963)
2;Triumph of the Ten Gladiators (1964)
3;Spartacus and the Ten Gladiators (1964)
1;Tetsuo: The Iron Man (1989)
2;Tetsuo II: Body Hammer (1992)
3;Tetsuo: The Bullet Man (2010)
1;That's Entertainment! (1974)
2;That's Entertainment, Part II (1975)
3;That's Entertainment! III (1996)
1;Things (1993)
2;Things II (1998)
3;Things 3: Old Things (1998)  
1;The 36th Chamber Of Shaolin (1978)
2;Return to the 36th Chamber (1980)
3;Disciples Of The 36th Chamber (1985)
1;Three Colors: Blue (1993)
2;Three Colors: White (1994)
3;Three Colors: Red (1994)
1;Shaun of the Dead (2004)
2;Hot Fuzz (2007)
3;The World's End (2013)
1;Suspiria (1977)
2;Inferno (1980)
3;The Mother of Tears (2007)
1;Three Smart Girls (1936)
2;Three Smart Girls Grow Up (1939)
3;Hers to Hold (1941)
1;Thunder in Paradise (1993)  
2;Thunder in Paradise II (1994)  
3;Thunder in Paradise 3 (1995)  
1;Thunder Warrior (1983)
2;Thunder Warrior II (1987)
3;Thunder Warrior III (1988)
1;Thunderbirds to the Rescue (1980)  
2;Thunderbirds in Outer Space (1981)  
3;Countdown to Disaster (1981)  
1;Tiger Cage (1988)
2;Tiger Cage 2 (1990)
3;Tiger Cage 3 (1991)
1;Tiger Claws (1992)
2;Tiger Claws II (1996)
3;Tiger Claws III (1999)
1;Tillie's Punctured Romance (1914)
2;Tillie's Tomato Surprise (1915)
3;Tillie Wakes Up (1917)
1;San (1966)
2;Jutro (1967)
3;Podne (1968)
1;To er mundo é güeno (1982)
2;To er mundo é... mejo! (1982)
3;To er mundo é... ¡demasiao!' (1985)
1;Tokyo Raiders (2000)
2;Seoul Raiders (2005)
3;Europe Raiders (2017)
1;The Talented Mr. Ripley (1999)
2;Ripley's Game (2002)
3;Ripley Under Ground (2005)
1;Topper (1937)
2;Topper Takes a Trip (1938)
3;Topper Returns (1941)
1;Torarete Tamaruka! (1992)
2;Torarete Tamaruka! 2 (1993)
3;Torarete Tamaruka! 3 (1994)
1;Trællene (1978)
2;Trællenes oprør (1979)
3;Trællenes børn (1980)
1;The Transformers: The Movie (1986)
2;The Transformers: Five Faces of Darkness (1986)  
3;The Transformers: The Return of Optimus Prime (1987)  
1;The Prophet, the Gold and the Transylvanians (1978)
2;The Actress, the Dollars and the Transylvanians (1979)
3;The Oil, the Baby and the Transylvanians (1981)
1;Cavale (2002) 
2;Un couple épatant (2002)
3;Après la vie (2003)
1;Marius (1931)
2;Fanny (1932)
3;César (1936)
1;The Fisher King (1991)
2;12 Monkeys (1995)
3;Fear and Loathing in Las Vegas (1998)
1;The Man Who Loved Yngve(2008)
2;I Travel Alone(2011)
3;The Orheim Company(2012)
1;Time Bandits (1981)
2;Brazil (1985)
3;The Adventures of Baron Munchausen (1988)
1;With Fire and Sword (1999)
2;The Deluge (1974)
3;Colonel Wolodyjowski (1969)
1;They Call Me Trinity (1970)
2;Trinity Is Still My Name (1971)
3;Sons of Trinity (1995)
1;Troll (1985)
2;Troll 2 (1990)
3;Troll 3 (1990)
1;Tugboat Annie (1933)
2;Tugboat Annie Sails Again (1940)
3;Captain Tugboat Annie (1945)
1;The Tulse Luper Suitcases, Part 1: The Moab Story (2003)
2;The Tulse Luper Suitcases, Part 2: Vaux to the Sea (2004)
3;The Tulse Luper Suitcases, Part 3: From Sark to the Finish (2005)
1;Turbulence (1997)
2;Turbulence 2: Fear of Flying (1999)  
3;Turbulence 3: Heavy Metal (2001)  
1;Üç Harfliler: Marid (tr) (2010)
2;Üç Harfliler 2: Hablis (2015)
3;Üç Harfliler 3: Karabüyü (2016)
1;Ultimate Avengers (2006)  
2;Ultimate Avengers 2 (2006)  
3;Next Avengers: Heroes of Tomorrow (2008)  
1;Ultraman Tiga & Ultraman Dyna: Warriors of the Star of Light (1998)
2;Ultraman Tiga & Ultraman Dyna & Ultraman Gaia: Battle in Hyperspace(1999)
3;Ultraman Tiga: The Final Odyssey (2000)
1;Unbreakable (2000)
2;Split (2016)
3;Glass (2019)
1;Und tschüss! Auf Mallorca (1996)  
2;Und tschüss! In Amerika (1996)  
3;Und tschüss! - Ballermann olé (1998)  
1;Unsere tollen Tanten (de) (1961)
2;Unsere tollen Nichten (de) (1963)
3;Unsere tollen Tanten in der Südsee (de) (1964)
1;The Scarface Mob (1959)  
2;The Revenge of Al Capone (1989)  
3;The Return of Eliot Ness (1991)  
1;Up Pompeii (1971)
2;Up the Chastity Belt (1971)
3;Up the Front (1972)
1;Uptown Saturday Night (1974)
2;Let's Do It Again (1975)
3;A Piece of the Action (1977)
1;Urban Legend (1998)
2;Urban Legends: Final Cut (2000)
3;Urban Legends: Bloody Mary (2005)  
1;Dogville (2003)
2;Manderlay (2005)
3;Washington (2009)
1;Vampires (1998)
2;Vampires: Los Muertos (2002)  
3;Vampires: The Turning (2005)  
1;Eine Frau verschwindet (de) (2012)  
2;Totenengel – Van Leeuwens zweiter Fall (2013)  
3;Der Tod und das Mädchen – Van Leeuwens dritter Fall (2017)  
1;Van Wilder (2002)
2;Van Wilder: The Rise of Taj (2006)
3;Van Wilder: Freshman Year (2009)    
1;Sympathy for Mr. Vengeance (2002)
2;Oldboy (2003)
3;Sympathy for Lady Vengeance (2005)
1;La Vérité Si Je Mens ! (1997)
2;La Vérité si je mens ! 2 (fr) (2001)
3;La Vérité si je mens ! 3 (fr) (2012)
1;V/H/S (2012)
2;V/H/S/2 (2013)
3;V/H/S: Viral (2014)
1;Victòria! La gran aventura d'un poble' (1983)
2;Victòria! 2: La disbauxa del 17' (1983)
3;Victòria! 3: El seny i la rauxa (1984)
1;Platoon (1986)
2;Born on the Fourth of July (1989)
3;Heaven & Earth (1993)
1;The Visitors (1993)
2;The Visitors II: The Corridors of Time (1998)
3;The Visitors: Bastille Day (2016)
1;The Vizconde Massacre Story (God Help Us!) (1993)
2;The Untold Story: Vizconde Massacre II - May the Lord Be with Us (1994)
3;Jessica Alfaro Story (1995)
1;Vorstadtkrokodile (de) (2009)
2;Vorstadtkrokodile 2 (de) (2010)
3;Vorstadtkrokodile 3 (de) (2011)
1;Walking Tall (1973)
2;Walking Tall Part 2 (1975)
3;Walking Tall: Final Chapter (1977)
1;Walking Tall (2004)
2;Walking Tall: The Payback (2007)  
3;Walking Tall: Lone Justice (2007)  
1;Whistling in the Dark (1941)
2;Whistling in Dixie (1942)
3;Whistling in Brooklyn (1943)
1;Walter og Carlo - op på fars hat (1985)
2;Walter og Carlo - yes, det er far (1986)
3;Walter & Carlo i Amerika (1989)
1;Warlock (1989)
2;Warlock: The Armageddon (1993)
3;Warlock III: The End of Innocence (1999)  
1;The Wedding March (2016)  
2;Wedding March 2: Resorting to Love (2017)  
3;Wedding March 3: A Valentine Wedding (2018)  
1;White Fang (1973)
2;Challenge to White Fang (1974)
3;White Fang to the Rescue (1974)
1;The Whore (2010)  
2;The Revenge of the Whore (2012)  
3;Das Vermächtnis der Wanderhure (de) (2012)  
1;Die Wilden Hühner (de) (2006)
2;Die Wilden Hühner und die Liebe (de) (2007)
3;Die Wilden Hühner und das Leben (de) (2009)
1;The Wild Thornberrys: The Origin of Donnie (2001)  
2;The Wild Thornberrys Movie (2002)
3;Rugrats Go Wild! (2003)
1;The Adventures of the Wilderness Family (1975)
2;The Further Adventures of the Wilderness Family (1978)
3;Mountain Family Robinson (1979)
1;Witchboard (1986)
2;Witchboard 2: The Devil's Doorway (1993)
3;Witchboard III: The Possession (1995)
1;Witchouse (1999)  
2;Witchouse 2: Blood Coven (1999)  
3;Witchouse 3: Demon Fire (2001)  
1;Escape to Witch Mountain (1975)
2;Return from Witch Mountain (1978)
3;Beyond Witch Mountain (1982)  
1;The Patchwork Girl of Oz (1914)
2;The Magic Cloak (1914)
3;His Majesty, the Scarecrow of Oz (1914)
1;The Wizard of Oz (1939)
2;Journey Back to Oz (1974)
3;Lion of Oz (2000)  
1;Xtro (1983)
2;Xtro II: The Second Encounter (1990)
3;Xtro 3: Watch the Skies (1993)
1;XXX (2002)
2;XXX: State of the Union (2005)
3;XXX: Return of Xander Cage (2017)
1;Yôjû kyôshitsu gaiden (1995)
2;Yôjû kyôshitsu gaiden 2: Eros no megami kôrin (1996)
3;Yôjû kyôshitsu gaiden 3: Seibo no ecstasy (1997)
1;Yōkai Monsters: Spook Warfare (1968)
2;Yōkai Monsters: 100 Monsters (1968)
3;Yōkai Monsters: Along with Ghosts (1969)
1;Zeiramu (1991)
2;Iria: Zeiram the Animation (1993)   (prequel to Zeiramu)
3;Zeiramu 2 (1994)
1;Zeitgeist: The Movie (2007)  
2;Zeitgeist: Addendum (2008)  
3;Zeitgeist: Moving Forward (2011)  
1;Zenon: Girl of the 21st Century (1999)  
2;Zenon: The Zequel (2001)  
3;Zenon: Z3 (2004)  
1;Znachor (1937)
2;Profesor Wilczur (1938)
3;Testament profesora Wilczura (1942)
1;Zoop in Africa (2005)
2;Zoop in India (2006)
3;Zoop in South America (2007)
